algorithm,input_size,average_runtime_seconds,average_runtime_ms
sorting,100,0.0001696429,0.1696
sorting,200,0.0005618143,0.5618
sorting,400,0.0008532857,0.8533
sorting,800,0.0016989571,1.6990
sorting,1600,0.0026128571,2.6129
knapsack,100,0.0005643286,0.5643
knapsack,200,0.0027638000,2.7638
knapsack,400,0.0071002000,7.1002
knapsack,800,0.0340283571,34.0284
knapsack,1600,0.1488502000,148.8502
route_planning,5,0.0000254714,0.0255
route_planning,8,0.0000788286,0.0788
route_planning,11,0.0004081000,0.4081
route_planning,14,0.0004430857,0.4431
route_planning,17,0.0008602714,0.8603
